13-631 LEILANI AVENUE,http://qpublic9.qpublic.net/hi_hawaii_display.php?county=hi_hawaii&KEY=130280050000
13-679 LEILANI AVENUE,http://qpublic9.qpublic.net/hi_hawaii_display.php?county=hi_hawaii&KEY=130280170000
13-682 LEILANI AVENUE,http://qpublic9.qpublic.net/hi_hawaii_display.php?county=hi_hawaii&KEY=130290060000
13-683 LEILANI AVENUE,http://qpublic9.qpublic.net/hi_hawaii_display.php?county=hi_hawaii&KEY=130280180000
13-719 LEILANI AVENUE,http://qpublic9.qpublic.net/hi_hawaii_display.php?county=hi_hawaii&KEY=130280270000
13-731 LEILANI AVENUE,http://qpublic9.qpublic.net/hi_hawaii_display.php?county=hi_hawaii&KEY=130280300000
13-748 LEILANI AVENUE,http://qpublic9.qpublic.net/hi_hawaii_display.php?county=hi_hawaii&KEY=130300280000
13-743 LEILANI AVENUE,http://qpublic9.qpublic.net/hi_hawaii_display.php?county=hi_hawaii&KEY=130280330000
13-763 LEILANI AVENUE,http://qpublic9.qpublic.net/hi_hawaii_display.php?county=hi_hawaii&KEY=130280380000
13-758 LEILANI AVENUE,http://qpublic9.qpublic.net/hi_hawaii_display.php?county=hi_hawaii&KEY=130300290000
13-805 LEILANI AVENUE,http://qpublic9.qpublic.net/hi_hawaii_display.php?county=hi_hawaii&KEY=130240020000
13-818 LEILANI AVENUE,http://qpublic9.qpublic.net/hi_hawaii_display.php?county=hi_hawaii&KEY=130310390000
13-842 LEILANI AVENUE,http://qpublic9.qpublic.net/hi_hawaii_display.php?county=hi_hawaii&KEY=130320430000
13-852 LEILANI AVENUE,http://qpublic9.qpublic.net/hi_hawaii_display.php?county=hi_hawaii&KEY=130320440000
13-892 LEILANI AVENUE,http://qpublic9.qpublic.net/hi_hawaii_display.php?county=hi_hawaii&KEY=130330490000
13-736 KAHUKAI STREET,http://qpublic9.qpublic.net/hi_hawaii_display.php?county=hi_hawaii&KEY=130440360000
13-762 KAHUKAI STREET,http://qpublic9.qpublic.net/hi_hawaii_display.php?county=hi_hawaii&KEY=130440430000
13-727 KAHUKAI STREET,http://qpublic9.qpublic.net/hi_hawaii_display.php?county=hi_hawaii&KEY=130310760000
13-690 KAHUKAI STREET,http://qpublic9.qpublic.net/hi_hawaii_display.php?county=hi_hawaii&KEY=130440250000
13-700 KAHUKAI STREET,http://qpublic9.qpublic.net/hi_hawaii_display.php?county=hi_hawaii&KEY=130440270000
13-686 KAHUKAI STREET,http://qpublic9.qpublic.net/hi_hawaii_display.php?county=hi_hawaii&KEY=130440240000
13-672 KAHUKAI STREET,http://qpublic9.qpublic.net/hi_hawaii_display.php?county=hi_hawaii&KEY=130440200000
13-617 KAHUKAI STREET,http://qpublic9.qpublic.net/hi_hawaii_display.php?county=hi_hawaii&KEY=130290340000
13-612 KAHUKAI STREET,http://qpublic9.qpublic.net/hi_hawaii_display.php?county=hi_hawaii&KEY=130440020000
13-3310 MOHALA STREET,http://qpublic9.qpublic.net/hi_hawaii_display.php?county=hi_hawaii&KEY=130300040000
13-3332 MOHALA STREET,http://qpublic9.qpublic.net/hi_hawaii_display.php?county=hi_hawaii&KEY=130300090000
13-3344 MOHALA STREET,http://qpublic9.qpublic.net/hi_hawaii_display.php?county=hi_hawaii&KEY=130300120000
13-3382 MOHALA STREET,http://qpublic9.qpublic.net/hi_hawaii_display.php?county=hi_hawaii&KEY=130300220000
13-3396 MOHALA STREET,http://qpublic9.qpublic.net/hi_hawaii_display.php?county=hi_hawaii&KEY=130290140000
13-3404 MOHALA STREET,http://qpublic9.qpublic.net/hi_hawaii_display.php?county=hi_hawaii&KEY=130300270000
13-3379 MOHALA STREET,http://qpublic9.qpublic.net/hi_hawaii_display.php?county=hi_hawaii&KEY=130290140000
13-3339 MOHALA STREET,http://qpublic9.qpublic.net/hi_hawaii_display.php?county=hi_hawaii&KEY=130290220000
13-3307 KAUPILI STREET,http://qpublic9.qpublic.net/hi_hawaii_display.php?county=hi_hawaii&KEY=130300640000
13-3313 KAUPILI STREET,http://qpublic9.qpublic.net/hi_hawaii_display.php?county=hi_hawaii&KEY=130300630000
13-3331 KAUPILI STREET,http://qpublic9.qpublic.net/hi_hawaii_display.php?county=hi_hawaii&KEY=130300590000
13-3377 KAUPILI STREET,http://qpublic9.qpublic.net/hi_hawaii_display.php?county=hi_hawaii&KEY=130300480000
13-3403 KAUPILI STREET,http://qpublic9.qpublic.net/hi_hawaii_display.php?county=hi_hawaii&KEY=130300410000
13-3407 KAUPILI STREET,http://qpublic9.qpublic.net/hi_hawaii_display.php?county=hi_hawaii&KEY=130300400000
13-3415 KAUPILI STREET,http://qpublic9.qpublic.net/hi_hawaii_display.php?county=hi_hawaii&KEY=130300380000
13-3431 KAUPILI STREET,http://qpublic9.qpublic.net/hi_hawaii_display.php?county=hi_hawaii&KEY=130300340000
13-3455 KAUPILI STREET,http://qpublic9.qpublic.net/hi_hawaii_display.php?county=hi_hawaii&KEY=130280620000
13-3461 KAUPILI STREET,http://qpublic9.qpublic.net/hi_hawaii_display.php?county=hi_hawaii&KEY=130280600000
13-3473 KAUPILI STREET,http://qpublic9.qpublic.net/hi_hawaii_display.php?county=hi_hawaii&KEY=130280570000
13-3488 KAUPILI STREET,http://qpublic9.qpublic.net/hi_hawaii_display.php?county=hi_hawaii&KEY=130240090000
13-3480 KAUPILI STREET,http://qpublic9.qpublic.net/hi_hawaii_display.php?county=hi_hawaii&KEY=130240070000
13-3472 KAUPILI STREET,http://qpublic9.qpublic.net/hi_hawaii_display.php?county=hi_hawaii&KEY=130240050000
13-3456 KAUPILI STREET,http://qpublic9.qpublic.net/hi_hawaii_display.php?county=hi_hawaii&KEY=130240010000
13-3444 KAUPILI STREET,http://qpublic9.qpublic.net/hi_hawaii_display.php?county=hi_hawaii&KEY=130310370000
13-3432 KAUPILI STREET,http://qpublic9.qpublic.net/hi_hawaii_display.php?county=hi_hawaii&KEY=130310340000
13-3424 KAUPILI STREET,http://qpublic9.qpublic.net/hi_hawaii_display.php?county=hi_hawaii&KEY=130310320000
13-3414 KAUPILI STREET,http://qpublic9.qpublic.net/hi_hawaii_display.php?county=hi_hawaii&KEY=130310300000
13-3412 KAUPILI STREET,http://qpublic9.qpublic.net/hi_hawaii_display.php?county=hi_hawaii&KEY=130310290000
13-3394 KAUPILI STREET,http://qpublic9.qpublic.net/hi_hawaii_display.php?county=hi_hawaii&KEY=130310250000
13-3392 KAUPILI STREET,http://qpublic9.qpublic.net/hi_hawaii_display.php?county=hi_hawaii&KEY=130310240000
13-3374 KAUPILI STREET,http://qpublic9.qpublic.net/hi_hawaii_display.php?county=hi_hawaii&KEY=130310200000
13-3372 KAUPILI STREET,http://qpublic9.qpublic.net/hi_hawaii_display.php?county=hi_hawaii&KEY=130310190000
13-3366 KAUPILI STREET,http://qpublic9.qpublic.net/hi_hawaii_display.php?county=hi_hawaii&KEY=130310180000
13-3354 KAUPILI STREET,http://qpublic9.qpublic.net/hi_hawaii_display.php?county=hi_hawaii&KEY=130310150000
13-3325 HOOKUPU STREET,http://qpublic9.qpublic.net/hi_hawaii_display.php?county=hi_hawaii&KEY=130310740000
13-3337 HOOKUPU STREET,http://qpublic9.qpublic.net/hi_hawaii_display.php?county=hi_hawaii&KEY=130310710000
13-3357 HOOKUPU STREET,http://qpublic9.qpublic.net/hi_hawaii_display.php?county=hi_hawaii&KEY=130310660000
13-3385 HOOKUPU STREET,http://qpublic9.qpublic.net/hi_hawaii_display.php?county=hi_hawaii&KEY=130310590000
13-3411 HOOKUPU STREET,http://qpublic9.qpublic.net/hi_hawaii_display.php?county=hi_hawaii&KEY=130310530000
13-3423 HOOKUPU STREET,http://qpublic9.qpublic.net/hi_hawaii_display.php?county=hi_hawaii&KEY=130310500000
13-3425 HOOKUPU STREET,http://qpublic9.qpublic.net/hi_hawaii_display.php?county=hi_hawaii&KEY=130310490000
13-3431 HOOKUPU STREET,http://qpublic9.qpublic.net/hi_hawaii_display.php?county=hi_hawaii&KEY=130310480000
13-3437 HOOKUPU STREET,http://qpublic9.qpublic.net/hi_hawaii_display.php?county=hi_hawaii&KEY=130310460000
13-3451 HOOKUPU STREET,"Newly Built Residence, No Tax Data Available"
13-3467 HOOKUPU STREET,http://qpublic9.qpublic.net/hi_hawaii_display.php?county=hi_hawaii&KEY=130310400000
13-3481 HOOKUPU STREET,http://qpublic9.qpublic.net/hi_hawaii_display.php?county=hi_hawaii&KEY=130240430000
13-3485 HOOKUPU STREET,http://qpublic9.qpublic.net/hi_hawaii_display.php?county=hi_hawaii&KEY=130240420000
13-3487 HOOKUPU STREET,http://qpublic9.qpublic.net/hi_hawaii_display.php?county=hi_hawaii&KEY=130240410000
13-3505 HOOKUPU STREET,http://qpublic9.qpublic.net/hi_hawaii_display.php?county=hi_hawaii&KEY=130240370000
13-3502 HOOKUPU STREET,http://qpublic9.qpublic.net/hi_hawaii_display.php?county=hi_hawaii&KEY=130230080000
13-3490 HOOKUPU STREET,http://qpublic9.qpublic.net/hi_hawaii_display.php?county=hi_hawaii&KEY=130230050000
13-3482 HOOKUPU STREET,http://qpublic9.qpublic.net/hi_hawaii_display.php?county=hi_hawaii&KEY=130230030000
13-3460 HOOKUPU STREET,http://qpublic9.qpublic.net/hi_hawaii_display.php?county=hi_hawaii&KEY=130320410000
13-3456 HOOKUPU STREET,http://qpublic9.qpublic.net/hi_hawaii_display.php?county=hi_hawaii&KEY=130320400000
13-3452 HOOKUPU STREET,http://qpublic9.qpublic.net/hi_hawaii_display.php?county=hi_hawaii&KEY=130320390000
13-3444 HOOKUPU STREET,http://qpublic9.qpublic.net/hi_hawaii_display.php?county=hi_hawaii&KEY=130320370000
13-3432 HOOKUPU STREET,http://qpublic9.qpublic.net/hi_hawaii_display.php?county=hi_hawaii&KEY=130320340000
13-3428 HOOKUPU STREET,http://qpublic9.qpublic.net/hi_hawaii_display.php?county=hi_hawaii&KEY=130320330000
13-3390 HOOKUPU STREET,http://qpublic9.qpublic.net/hi_hawaii_display.php?county=hi_hawaii&KEY=130320240000
13-3358 HOOKUPU STREET,http://qpublic9.qpublic.net/hi_hawaii_display.php?county=hi_hawaii&KEY=130320160000
13-3362 HOOKUPU STREET,http://qpublic9.qpublic.net/hi_hawaii_display.php?county=hi_hawaii&KEY=130320170000
13-3340 HOOKUPU STREET,http://qpublic9.qpublic.net/hi_hawaii_display.php?county=hi_hawaii&KEY=130320110000
13-3326 HOOKUPU STREET,http://qpublic9.qpublic.net/hi_hawaii_display.php?county=hi_hawaii&KEY=130320080000
13-3324 HOOKUPU STREET,http://qpublic9.qpublic.net/hi_hawaii_display.php?county=hi_hawaii&KEY=130320070000
13-3310 HOOKUPU STREET,http://qpublic9.qpublic.net/hi_hawaii_display.php?county=hi_hawaii&KEY=130320040000
13-3396 HOOKUPU STREET,"TMK: 1-3-032:025, Bldg Permit #BH2014-00559, Completed 05/05/2015."
13-3315 MAKAMAE STREET,http://qpublic9.qpublic.net/hi_hawaii_display.php?county=hi_hawaii&KEY=130320870000
13-3329 MAKAMAE STREET,http://qpublic9.qpublic.net/hi_hawaii_display.php?county=hi_hawaii&KEY=130320830000
13-3343 MAKAMAE STREET,http://qpublic9.qpublic.net/hi_hawaii_display.php?county=hi_hawaii&KEY=130320790000
13-3405 MAKAMAE STREET,http://qpublic9.qpublic.net/hi_hawaii_display.php?county=hi_hawaii&KEY=130320640000
13-3415 MAKAMAE STREET,http://qpublic9.qpublic.net/hi_hawaii_display.php?county=hi_hawaii&KEY=130320620000
13-3423 MAKAMAE STREET,http://qpublic9.qpublic.net/hi_hawaii_display.php?county=hi_hawaii&KEY=130320600000
13-3425 MAKAMAE STREET,http://qpublic9.qpublic.net/hi_hawaii_display.php?county=hi_hawaii&KEY=130320590000
13-3459 MAKAMAE STREET,http://qpublic9.qpublic.net/hi_hawaii_display.php?county=hi_hawaii&KEY=130320510000
13-3471 MAKAMAE STREET,http://qpublic9.qpublic.net/hi_hawaii_display.php?county=hi_hawaii&KEY=130320480000
13-3475 MAKAMAE STREET,http://qpublic9.qpublic.net/hi_hawaii_display.php?county=hi_hawaii&KEY=130320470000
13-3481 MAKAMAE STREET,http://qpublic9.qpublic.net/hi_hawaii_display.php?county=hi_hawaii&KEY=130320450000
13-3495 MAKAMAE STREET,http://qpublic9.qpublic.net/hi_hawaii_display.php?county=hi_hawaii&KEY=130230590000
13-3501 MAKAMAE STREET,http://qpublic9.qpublic.net/hi_hawaii_display.php?county=hi_hawaii&KEY=130230590000
13-3523 MAKAMAE STREET,http://qpublic9.qpublic.net/hi_hawaii_display.php?county=hi_hawaii&KEY=130230550000
13-3561 MAKAMAE STREET,http://qpublic9.qpublic.net/hi_hawaii_display.php?county=hi_hawaii&KEY=130230460000
13-3537 MAKAMAE STREET,http://qpublic9.qpublic.net/hi_hawaii_display.php?county=hi_hawaii&KEY=130230510000
13-3551 MAKAMAE STREET,http://qpublic9.qpublic.net/hi_hawaii_display.php?county=hi_hawaii&KEY=130230480000
13-3554 MAKAMAE STREET,http://qpublic9.qpublic.net/hi_hawaii_display.php?county=hi_hawaii&KEY=130220160000
13-3548 MAKAMAE STREET,http://qpublic9.qpublic.net/hi_hawaii_display.php?county=hi_hawaii&KEY=130220140000
13-3544 MAKAMAE STREET,http://qpublic9.qpublic.net/hi_hawaii_display.php?county=hi_hawaii&KEY=130220130000
13-3526 MAKAMAE STREET,http://qpublic9.qpublic.net/hi_hawaii_display.php?county=hi_hawaii&KEY=130220090000
13-3522 MAKAMAE STREET,http://qpublic9.qpublic.net/hi_hawaii_display.php?county=hi_hawaii&KEY=130220080000
13-3504 MAKAMAE STREET,http://qpublic9.qpublic.net/hi_hawaii_display.php?county=hi_hawaii&KEY=130220040000
13-3480 MAKAMAE STREET,http://qpublic9.qpublic.net/hi_hawaii_display.php?county=hi_hawaii&KEY=130330460000
13-3476 MAKAMAE STREET,http://qpublic9.qpublic.net/hi_hawaii_display.php?county=hi_hawaii&KEY=130330450000
13-3466 MAKAMAE STREET,http://qpublic9.qpublic.net/hi_hawaii_display.php?county=hi_hawaii&KEY=130330430000
13-3458 MAKAMAE STREET,http://qpublic9.qpublic.net/hi_hawaii_display.php?county=hi_hawaii&KEY=130330410000
13-3454 MAKAMAE STREET,http://qpublic9.qpublic.net/hi_hawaii_display.php?county=hi_hawaii&KEY=130330400000
13-3438 MAKAMAE STREET,http://qpublic9.qpublic.net/hi_hawaii_display.php?county=hi_hawaii&KEY=130330360000
13-3432 MAKAMAE STREET,http://qpublic9.qpublic.net/hi_hawaii_display.php?county=hi_hawaii&KEY=130330340000
13-3352 MAKAMAE STREET,http://qpublic9.qpublic.net/hi_hawaii_display.php?county=hi_hawaii&KEY=130330140000
13-3346 MAKAMAE STREET,http://qpublic9.qpublic.net/hi_hawaii_display.php?county=hi_hawaii&KEY=130330130000
13-3378 MAKAMAE STREET,http://qpublic9.qpublic.net/hi_hawaii_display.php?county=hi_hawaii&KEY=130330210000
13-3362 MAKAMAE STREET,http://qpublic9.qpublic.net/hi_hawaii_display.php?county=hi_hawaii&KEY=130330170000
13-3322 MAKAMAE STREET,http://qpublic9.qpublic.net/hi_hawaii_display.php?county=hi_hawaii&KEY=130330070000
13-3347 LUANA STREET,http://qpublic9.qpublic.net/hi_hawaii_display.php?county=hi_hawaii&KEY=130330880000
13-3353 LUANA STREET,http://qpublic9.qpublic.net/hi_hawaii_display.php?county=hi_hawaii&KEY=130330870000
13-3361 LUANA STREET,http://qpublic9.qpublic.net/hi_hawaii_display.php?county=hi_hawaii&KEY=130330850000
13-3369 LUANA STREET,http://qpublic9.qpublic.net/hi_hawaii_display.php?county=hi_hawaii&KEY=130330830000
13-3377 LUANA STREET,http://qpublic9.qpublic.net/hi_hawaii_display.php?county=hi_hawaii&KEY=130330810000
13-3381 LUANA STREET,http://qpublic9.qpublic.net/hi_hawaii_display.php?county=hi_hawaii&KEY=130330800000
13-3429 LUANA STREET,http://qpublic9.qpublic.net/hi_hawaii_display.php?county=hi_hawaii&KEY=130330680000
13-3441 LUANA STREET,http://qpublic9.qpublic.net/hi_hawaii_display.php?county=hi_hawaii&KEY=130330650000
13-3445 LUANA STREET,http://qpublic9.qpublic.net/hi_hawaii_display.php?county=hi_hawaii&KEY=130330640000
13-3469 LUANA STREET,http://qpublic9.qpublic.net/hi_hawaii_display.php?county=hi_hawaii&KEY=130330580000
13-3481 LUANA STREET,http://qpublic9.qpublic.net/hi_hawaii_display.php?county=hi_hawaii&KEY=130330550000
13-3491 LUANA STREET,http://qpublic9.qpublic.net/hi_hawaii_display.php?county=hi_hawaii&KEY=130330530000
13-3505 LUANA STREET,http://qpublic9.qpublic.net/hi_hawaii_display.php?county=hi_hawaii&KEY=130330500000
13-3543 LUANA STREET,http://qpublic9.qpublic.net/hi_hawaii_display.php?county=hi_hawaii&KEY=130220560000
13-3557 LUANA STREET,http://qpublic9.qpublic.net/hi_hawaii_display.php?county=hi_hawaii&KEY=130220530000
13-3563 LUANA STREET,http://qpublic9.qpublic.net/hi_hawaii_display.php?county=hi_hawaii&KEY=130220510000
13-3577 LUANA STREET,http://qpublic9.qpublic.net/hi_hawaii_display.php?county=hi_hawaii&KEY=130220480000
13-3591 LUANA STREET,http://qpublic9.qpublic.net/hi_hawaii_display.php?county=hi_hawaii&KEY=130220450000
13-3580 LUANA STREET,http://qpublic9.qpublic.net/hi_hawaii_display.php?county=hi_hawaii&KEY=130210180000
13-3574 LUANA STREET,http://qpublic9.qpublic.net/hi_hawaii_display.php?county=hi_hawaii&KEY=130210160000
13-3556 LUANA STREET,http://qpublic9.qpublic.net/hi_hawaii_display.php?county=hi_hawaii&KEY=130210120000
13-3504 LUANA STREET,http://qpublic9.qpublic.net/hi_hawaii_display.php?county=hi_hawaii&KEY=130340510000
13-3486 LUANA STREET,http://qpublic9.qpublic.net/hi_hawaii_display.php?county=hi_hawaii&KEY=130340470000
13-3482 LUANA STREET,http://qpublic9.qpublic.net/hi_hawaii_display.php?county=hi_hawaii&KEY=130340460000
13-3444 LUANA STREET,http://qpublic9.qpublic.net/hi_hawaii_display.php?county=hi_hawaii&KEY=130340370000
13-3434 LUANA STREET,http://qpublic9.qpublic.net/hi_hawaii_display.php?county=hi_hawaii&KEY=130340340000
13-3422 LUANA STREET,http://qpublic9.qpublic.net/hi_hawaii_display.php?county=hi_hawaii&KEY=130340310000
13-3410 LUANA STREET,http://qpublic9.qpublic.net/hi_hawaii_display.php?county=hi_hawaii&KEY=130340280000
13-3402 LUANA STREET,http://qpublic9.qpublic.net/hi_hawaii_display.php?county=hi_hawaii&KEY=130340260000
13-3390 LUANA STREET,http://qpublic9.qpublic.net/hi_hawaii_display.php?county=hi_hawaii&KEY=130340230000
13-3366 LUANA STREET,http://qpublic9.qpublic.net/hi_hawaii_display.php?county=hi_hawaii&KEY=130340170000
13-3354 LUANA STREET,http://qpublic9.qpublic.net/hi_hawaii_display.php?county=hi_hawaii&KEY=130340140000
13-3465 NOHEA STREET,http://qpublic9.qpublic.net/hi_hawaii_display.php?county=hi_hawaii&KEY=130340690000
13-3475 NOHEA STREET,http://qpublic9.qpublic.net/hi_hawaii_display.php?county=hi_hawaii&KEY=130340660000
13-3495 NOHEA STREET,http://qpublic9.qpublic.net/hi_hawaii_display.php?county=hi_hawaii&KEY=130340610000
13-3511 NOHEA STREET,http://qpublic9.qpublic.net/hi_hawaii_display.php?county=hi_hawaii&KEY=130340570000
13-3485 NOHEA STREET,http://qpublic9.qpublic.net/hi_hawaii_display.php?county=hi_hawaii&KEY=130340640000
13-3577 NOHEA STREET,http://qpublic9.qpublic.net/hi_hawaii_display.php?county=hi_hawaii&KEY=130210530000
13-3598 NOHEA STREET,http://qpublic9.qpublic.net/hi_hawaii_display.php?county=hi_hawaii&KEY=130200160000
13-3592 NOHEA STREET,http://qpublic9.qpublic.net/hi_hawaii_display.php?county=hi_hawaii&KEY=130200150000
13-3587 KUPONO STREET,http://qpublic9.qpublic.net/hi_hawaii_display.php?county=hi_hawaii&KEY=130200410000
13-3593 KUPONO STREET,http://qpublic9.qpublic.net/hi_hawaii_display.php?county=hi_hawaii&KEY=130200400000
13-3592 KUPONO STREET,http://qpublic9.qpublic.net/hi_hawaii_display.php?county=hi_hawaii&KEY=130190250000
13-3579 MOKU STREET,http://qpublic9.qpublic.net/hi_hawaii_display.php?county=hi_hawaii&KEY=130190370000
14-1115 POHOIKI ROAD,http://qpublic9.qpublic.net/hi_hawaii_display.php?county=hi_hawaii&KEY=140900010000
14-1107 POHOIKI ROAD,http://qpublic9.qpublic.net/hi_hawaii_display.php?county=hi_hawaii&KEY=140900020000
14-1101 POHOIKI ROAD,http://qpublic9.qpublic.net/hi_hawaii_display.php?county=hi_hawaii&KEY=140900030000
14-1085 POHOIKI ROAD,http://qpublic9.qpublic.net/hi_hawaii_display.php?county=hi_hawaii&KEY=140900050000
14-1079 POHOIKI ROAD,http://qpublic9.qpublic.net/hi_hawaii_display.php?county=hi_hawaii&KEY=140900060000
14-1057 POHOIKI ROAD,http://qpublic9.qpublic.net/hi_hawaii_display.php?county=hi_hawaii&KEY=140900110000
14-1051 POHOIKI ROAD,http://qpublic9.qpublic.net/hi_hawaii_display.php?county=hi_hawaii&KEY=140900120000
14-1037 POHOIKI ROAD,http://qpublic9.qpublic.net/hi_hawaii_display.php?county=hi_hawaii&KEY=140900130000
14-905 POHOIKI ROAD,http://qpublic9.qpublic.net/hi_hawaii_display.php?county=hi_hawaii&KEY=140900260000
13-861 POHOIKI ROAD,http://qpublic9.qpublic.net/hi_hawaii_display.php?county=hi_hawaii&KEY=130450010000
13-839 POHOIKI ROAD,http://qpublic9.qpublic.net/hi_hawaii_display.php?county=hi_hawaii&KEY=130450330000
13-834 POHOIKI ROAD,http://qpublic9.qpublic.net/hi_hawaii_display.php?county=hi_hawaii&KEY=130460780000
13-808 POHOIKI ROAD,http://qpublic9.qpublic.net/hi_hawaii_display.php?county=hi_hawaii&KEY=130460830000
13-802 POHOIKI ROAD,http://qpublic9.qpublic.net/hi_hawaii_display.php?county=hi_hawaii&KEY=130460840000
13-790 POHOIKI ROAD,http://qpublic9.qpublic.net/hi_hawaii_display.php?county=hi_hawaii&KEY=130460860000
13-784 POHOIKI ROAD,http://qpublic9.qpublic.net/hi_hawaii_display.php?county=hi_hawaii&KEY=130460870000
13-774 POHOIKI ROAD,http://qpublic9.qpublic.net/hi_hawaii_display.php?county=hi_hawaii&KEY=130460890000
13-760 POHOIKI ROAD,http://qpublic9.qpublic.net/hi_hawaii_display.php?county=hi_hawaii&KEY=130461010000
13-763 POHOIKI ROAD,http://qpublic9.qpublic.net/hi_hawaii_display.php?county=hi_hawaii&KEY=130080190000
13-721 POHOIKI ROAD,http://qpublic9.qpublic.net/hi_hawaii_display.php?county=hi_hawaii&KEY=130080290000
13-711 POHOIKI ROAD,http://qpublic9.qpublic.net/hi_hawaii_display.php?county=hi_hawaii&KEY=130080610000
13-715 POHOIKI ROAD,http://qpublic9.qpublic.net/hi_hawaii_display.php?county=hi_hawaii&KEY=130080630000
13-677 POHOIKI ROAD,http://qpublic9.qpublic.net/hi_hawaii_display.php?county=hi_hawaii&KEY=130080450000
13-653 POHOIKI ROAD,http://qpublic9.qpublic.net/hi_hawaii_display.php?county=hi_hawaii&KEY=130080580000
13-635 POHOIKI ROAD,http://qpublic9.qpublic.net/hi_hawaii_display.php?county=hi_hawaii&KEY=130080320000
13-640 POHOIKI ROAD,http://qpublic9.qpublic.net/hi_hawaii_display.php?county=hi_hawaii&KEY=130080530000
13-719 POHOIKI ROAD,http://qpublic9.qpublic.net/hi_hawaii_display.php?county=hi_hawaii&KEY=130080650000
13-733 POHOIKI ROAD,http://qpublic9.qpublic.net/hi_hawaii_display.php?county=hi_hawaii&KEY=130080400000
13-763 POHOIKI ROAD,http://qpublic9.qpublic.net/hi_hawaii_display.php?county=hi_hawaii&KEY=130080190000
13-683 POHOIKI ROAD,http://qpublic9.qpublic.net/hi_hawaii_display.php?county=hi_hawaii&KEY=130080440000
13-685 POHOIKI ROAD,http://qpublic9.qpublic.net/hi_hawaii_display.php?county=hi_hawaii&KEY=130080430000
13-651 POHOIKI ROAD,http://qpublic9.qpublic.net/hi_hawaii_display.php?county=hi_hawaii&KEY=130080570000
13-649 POHOIKI ROAD,http://qpublic9.qpublic.net/hi_hawaii_display.php?county=hi_hawaii&KEY=130080560000
13-689 HINALO STREET,http://qpublic9.qpublic.net/hi_hawaii_display.php?county=hi_hawaii&KEY=130450340000
13-658 HINALO STREET,http://qpublic9.qpublic.net/hi_hawaii_display.php?county=hi_hawaii&KEY=130450110000
13-648 HINALO STREET,http://qpublic9.qpublic.net/hi_hawaii_display.php?county=hi_hawaii&KEY=130450090000
13-667 HINALO STREET,http://qpublic9.qpublic.net/hi_hawaii_display.php?county=hi_hawaii&KEY=130450220000
13-661 HINALO STREET,http://qpublic9.qpublic.net/hi_hawaii_display.php?county=hi_hawaii&KEY=130450230000
13-657 HINALO STREET,http://qpublic9.qpublic.net/hi_hawaii_display.php?county=hi_hawaii&KEY=130450240000
13-636 HINALO STREET,http://qpublic9.qpublic.net/hi_hawaii_display.php?county=hi_hawaii&KEY=130450070000
13-641 HINALO STREET,http://qpublic9.qpublic.net/hi_hawaii_display.php?county=hi_hawaii&KEY=130450250000
13-631 HINALO STREET,http://qpublic9.qpublic.net/hi_hawaii_display.php?county=hi_hawaii&KEY=130450270000
13-622 HINALO STREET,http://qpublic9.qpublic.net/hi_hawaii_display.php?county=hi_hawaii&KEY=130450040000
13-617 HINALO STREET,http://qpublic9.qpublic.net/hi_hawaii_display.php?county=hi_hawaii&KEY=130450300000
13-613 HINALO STREET,http://qpublic9.qpublic.net/hi_hawaii_display.php?county=hi_hawaii&KEY=130450310000
13-588 HINALO STREET,http://qpublic9.qpublic.net/hi_hawaii_display.php?county=hi_hawaii&KEY=130460060000
13-587 HINALO STREET,http://qpublic9.qpublic.net/hi_hawaii_display.php?county=hi_hawaii&KEY=130460760000
13-563 HINALO STREET,http://qpublic9.qpublic.net/hi_hawaii_display.php?county=hi_hawaii&KEY=130460740000
13-555 HINALO STREET,http://qpublic9.qpublic.net/hi_hawaii_display.php?county=hi_hawaii&KEY=130460720000
13-556 HINALO STREET,http://qpublic9.qpublic.net/hi_hawaii_display.php?county=hi_hawaii&KEY=130460130000
13-540 HINALO STREET,http://qpublic9.qpublic.net/hi_hawaii_display.php?county=hi_hawaii&KEY=130460160000
13-529 HINALO STREET,http://qpublic9.qpublic.net/hi_hawaii_display.php?county=hi_hawaii&KEY=130460480000
13-521 HINALO STREET,http://qpublic9.qpublic.net/hi_hawaii_display.php?county=hi_hawaii&KEY=130460470000
13-510 HINALO STREET,http://qpublic9.qpublic.net/hi_hawaii_display.php?county=hi_hawaii&KEY=130460220000
13-471 HINALO STREET,http://qpublic9.qpublic.net/hi_hawaii_display.php?county=hi_hawaii&KEY=130460930000
13-3966 LAUONE STREET,http://qpublic9.qpublic.net/hi_hawaii_display.php?county=hi_hawaii&KEY=130460710000
13-3970 LAUONE STREET,http://qpublic9.qpublic.net/hi_hawaii_display.php?county=hi_hawaii&KEY=130460700000
13-3974 LAUONE STREET,http://qpublic9.qpublic.net/hi_hawaii_display.php?county=hi_hawaii&KEY=130460690000
13-3992 LAUONE STREET,http://qpublic9.qpublic.net/hi_hawaii_display.php?county=hi_hawaii&KEY=130460640000
13-3996 LAUONE STREET,http://qpublic9.qpublic.net/hi_hawaii_display.php?county=hi_hawaii&KEY=130460630000
13-4005 LAUONE STREET,http://qpublic9.qpublic.net/hi_hawaii_display.php?county=hi_hawaii&KEY=130460300000
13-4002 LAUONE STREET,http://qpublic9.qpublic.net/hi_hawaii_display.php?county=hi_hawaii&KEY=130460620000
13-4008 LAUONE STREET,http://qpublic9.qpublic.net/hi_hawaii_display.php?county=hi_hawaii&KEY=130460610000
13-4012 LAUONE STREET,http://qpublic9.qpublic.net/hi_hawaii_display.php?county=hi_hawaii&KEY=130460600000
13-4029 LAUONE STREET,http://qpublic9.qpublic.net/hi_hawaii_display.php?county=hi_hawaii&KEY=130460340000
13-4039 LAUONE STREET,http://qpublic9.qpublic.net/hi_hawaii_display.php?county=hi_hawaii&KEY=130460360000
13-5584 MALAMA KI PLACE,http://qpublic9.qpublic.net/hi_hawaii_display.php?county=hi_hawaii&KEY=130470130000
13-5628 MALAMA KI PLACE,http://qpublic9.qpublic.net/hi_hawaii_display.php?county=hi_hawaii&KEY=130470050000
13-5576 MALAMA KI PLACE,http://qpublic9.qpublic.net/hi_hawaii_display.php?county=hi_hawaii&KEY=130470140000
14-4025 PAHOA KAPOHO ROAD,http://qpublic9.qpublic.net/hi_hawaii_display.php?county=hi_hawaii&KEY=140010410000
14-4061 PAHOA KAPOHO ROAD,http://qpublic9.qpublic.net/hi_hawaii_display.php?county=hi_hawaii&KEY=140920060000
14-3731 HOLO LIO RD,http://qpublic9.qpublic.net/hi_hawaii_display.php?county=hi_hawaii&KEY=140230050000
,
KAPOHO,
14-4802 KALAPANA KAPOHO BEACH ROAD,http://qpublic9.qpublic.net/hi_hawaii_display.php?county=hi_hawaii&KEY=140910090000
14-4860 KALAPANA KAPOHO BEACH ROAD,http://qpublic9.qpublic.net/hi_hawaii_display.php?county=hi_hawaii&KEY=140910190000
14-4843 KALAPANA KAPOHO BEACH ROAD,http://qpublic9.qpublic.net/hi_hawaii_display.php?county=hi_hawaii&KEY=140730410000
14-4865 KALAPANA KAPOHO BEACH ROAD,http://qpublic9.qpublic.net/hi_hawaii_display.php?county=hi_hawaii&KEY=140720330000
14-4845 KALAPANA KAPOHO BEACH ROAD,http://qpublic9.qpublic.net/hi_hawaii_display.php?county=hi_hawaii&KEY=140730420000
14-4943 KALAPANA KAPOHO BEACH ROAD,http://qpublic9.qpublic.net/hi_hawaii_display.php?county=hi_hawaii&KEY=140720390000
14-4763 KAPOHO BEACH ROAD,http://qpublic9.qpublic.net/hi_hawaii_display.php?county=hi_hawaii&KEY=140730430000
14-4787 KAPOHO BEACH ROAD,http://qpublic9.qpublic.net/hi_hawaii_display.php?county=hi_hawaii&KEY=140730320000
14-4796 KAPOHO BEACH ROAD,http://qpublic9.qpublic.net/hi_hawaii_display.php?county=hi_hawaii&KEY=140720170000
14-4828 KAPOHO BEACH ROAD,http://qpublic9.qpublic.net/hi_hawaii_display.php?county=hi_hawaii&KEY=140720160000
14-4838 KAPOHO BEACH ROAD,http://qpublic9.qpublic.net/hi_hawaii_display.php?county=hi_hawaii&KEY=140720010000
14-4851 KAPOHO BEACH ROAD,http://qpublic9.qpublic.net/hi_hawaii_display.php?county=hi_hawaii&KEY=140730120000
14-4878 KAPOHO BEACH ROAD,http://qpublic9.qpublic.net/hi_hawaii_display.php?county=hi_hawaii&KEY=140710010000
14-4928 KAPOHO BEACH ROAD,http://qpublic9.qpublic.net/hi_hawaii_display.php?county=hi_hawaii&KEY=140100460000
14-4932 KAPOHO BEACH ROAD,http://qpublic9.qpublic.net/hi_hawaii_display.php?county=hi_hawaii&KEY=140100470000
14-4938 KAPOHO BEACH ROAD,http://qpublic9.qpublic.net/hi_hawaii_display.php?county=hi_hawaii&KEY=140100490000
14-4940 KAPOHO BEACH ROAD,http://qpublic9.qpublic.net/hi_hawaii_display.php?county=hi_hawaii&KEY=140100500000
14-4946 KAPOHO BEACH ROAD,http://qpublic9.qpublic.net/hi_hawaii_display.php?county=hi_hawaii&KEY=140100520000
14-4954 KAPOHO BEACH ROAD,http://qpublic9.qpublic.net/hi_hawaii_display.php?county=hi_hawaii&KEY=140100550000
14-4960 KAPOHO BEACH ROAD ,http://qpublic9.qpublic.net/hi_hawaii_display.php?county=hi_hawaii&KEY=140100570000
14-4968 KAPOHO BEACH ROAD ,http://qpublic9.qpublic.net/hi_hawaii_display.php?county=hi_hawaii&KEY=140110310000
14-4972 KAPOHO BEACH ROAD ,http://qpublic9.qpublic.net/hi_hawaii_display.php?county=hi_hawaii&KEY=140110740000
14-4987 KAPOHO BEACH ROAD ,http://qpublic9.qpublic.net/hi_hawaii_display.php?county=hi_hawaii&KEY=140250200000
14-4991 KAPOHO BEACH ROAD,http://qpublic9.qpublic.net/hi_hawaii_display.php?county=hi_hawaii&KEY=140250210000
14-4993 KAPOHO BEACH ROAD,http://qpublic9.qpublic.net/hi_hawaii_display.php?county=hi_hawaii&KEY=140110630000
14-4994 KAPOHO BEACH ROAD,http://qpublic9.qpublic.net/hi_hawaii_display.php?county=hi_hawaii&KEY=140110430000
14-5006 KAPOHO BEACH ROAD,http://qpublic9.qpublic.net/hi_hawaii_display.php?county=hi_hawaii&KEY=140110570000
14-5010 KAPOHO BEACH ROAD,http://qpublic9.qpublic.net/hi_hawaii_display.php?county=hi_hawaii&KEY=140110580000
14-5007 KAPOHO BEACH ROAD,http://qpublic9.qpublic.net/hi_hawaii_display.php?county=hi_hawaii&KEY=140110650000
14-5016 KAPOHO BEACH ROAD,http://qpublic9.qpublic.net/hi_hawaii_display.php?county=hi_hawaii&KEY=140110590000
14-5015 KAPOHO BEACH ROAD ,http://qpublic9.qpublic.net/hi_hawaii_display.php?county=hi_hawaii&KEY=140110670000
14-5022 KAPOHO BEACH ROAD ,http://qpublic9.qpublic.net/hi_hawaii_display.php?county=hi_hawaii&KEY=140110610000
14-5024 KAPOHO BEACH ROAD,http://qpublic9.qpublic.net/hi_hawaii_display.php?county=hi_hawaii&KEY=140110620000
14-5023 KAPOHO BEACH ROAD,http://qpublic9.qpublic.net/hi_hawaii_display.php?county=hi_hawaii&KEY=140110690000
14-5025 KAPOHO BEACH ROAD,http://qpublic9.qpublic.net/hi_hawaii_display.php?county=hi_hawaii&KEY=140110700000
14-5027 KAPOHO BEACH ROAD,http://qpublic9.qpublic.net/hi_hawaii_display.php?county=hi_hawaii&KEY=140110710000
14-5029 KAPOHO BEACH ROAD,http://qpublic9.qpublic.net/hi_hawaii_display.php?county=hi_hawaii&KEY=140110010000
14-5031 KAPOHO BEACH ROAD,http://qpublic9.qpublic.net/hi_hawaii_display.php?county=hi_hawaii&KEY=140110020000
14-5033 KAPOHO BEACH ROAD,http://qpublic9.qpublic.net/hi_hawaii_display.php?county=hi_hawaii&KEY=140110030000
14-5035 KAPOHO BEACH ROAD,http://qpublic9.qpublic.net/hi_hawaii_display.php?county=hi_hawaii&KEY=140110040000
14-5036 KAPOHO BEACH ROAD,http://qpublic9.qpublic.net/hi_hawaii_display.php?county=hi_hawaii&KEY=140110480000
14-5038 KAPOHO BEACH ROAD,http://qpublic9.qpublic.net/hi_hawaii_display.php?county=hi_hawaii&KEY=140110490000
14-5041 KAPOHO BEACH ROAD,http://qpublic9.qpublic.net/hi_hawaii_display.php?county=hi_hawaii&KEY=140110050000
14-5042 KAPOHO BEACH ROAD,http://qpublic9.qpublic.net/hi_hawaii_display.php?county=hi_hawaii&KEY=140110500000
14-5043 KAPOHO BEACH ROAD,http://qpublic9.qpublic.net/hi_hawaii_display.php?county=hi_hawaii&KEY=140110060000
14-5045 KAPOHO BEACH ROAD ,http://qpublic9.qpublic.net/hi_hawaii_display.php?county=hi_hawaii&KEY=140110070000
14-5047 KAPOHO BEACH ROAD,http://qpublic9.qpublic.net/hi_hawaii_display.php?county=hi_hawaii&KEY=140110080000
14-5042 KAPOHO BEACH ROAD,http://qpublic9.qpublic.net/hi_hawaii_display.php?county=hi_hawaii&KEY=140110500000
14-5050 KAPOHO BEACH ROAD,http://qpublic9.qpublic.net/hi_hawaii_display.php?county=hi_hawaii&KEY=140110120000
14-4712 KONANI ROAD,http://qpublic9.qpublic.net/hi_hawaii_display.php?county=hi_hawaii&KEY=140110460000
14-4711 KONANI ROAD,http://qpublic9.qpublic.net/hi_hawaii_display.php?county=hi_hawaii&KEY=140110520000
14-4709 KONANI ROAD,http://qpublic9.qpublic.net/hi_hawaii_display.php?county=hi_hawaii&KEY=140110530000
14-4708 KONANI ROAD,http://qpublic9.qpublic.net/hi_hawaii_display.php?county=hi_hawaii&KEY=140110450000
14-4707 KONANI ROAD,http://qpublic9.qpublic.net/hi_hawaii_display.php?county=hi_hawaii&KEY=140110540000
14-4703 KONANI ROAD,http://qpublic9.qpublic.net/hi_hawaii_display.php?county=hi_hawaii&KEY=140110550000
14-5024 LAIMANA AVENUE,http://qpublic9.qpublic.net/hi_hawaii_display.php?county=hi_hawaii&KEY=140110100000
14-5018 LAIMANA AVENUE,http://qpublic9.qpublic.net/hi_hawaii_display.php?county=hi_hawaii&KEY=140110130000
14-5014 LAIMANA AVENUE ,http://qpublic9.qpublic.net/hi_hawaii_display.php?county=hi_hawaii&KEY=140110140000
14-5012 LAIMANA AVENUE,http://qpublic9.qpublic.net/hi_hawaii_display.php?county=hi_hawaii&KEY=140110150000
14-5008 LAIMANA AVENUE ,http://qpublic9.qpublic.net/hi_hawaii_display.php?county=hi_hawaii&KEY=140110160000
14-5004 LAIMANA AVENUE ,http://qpublic9.qpublic.net/hi_hawaii_display.php?county=hi_hawaii&KEY=140110190000
14-5000 LAIMANA AVENUE ,http://qpublic9.qpublic.net/hi_hawaii_display.php?county=hi_hawaii&KEY=140110200000
14-5019 LAIMANA AVENUE,http://qpublic9.qpublic.net/hi_hawaii_display.php?county=hi_hawaii&KEY=140110380000
14-5009 LAIMANA AVENUE,http://qpublic9.qpublic.net/hi_hawaii_display.php?county=hi_hawaii&KEY=140110400000
14-4998 LAIMANA AVENUE,http://qpublic9.qpublic.net/hi_hawaii_display.php?county=hi_hawaii&KEY=140110270000
14-4996 LAIMANA AVENUE ,http://qpublic9.qpublic.net/hi_hawaii_display.php?county=hi_hawaii&KEY=140110770000
14-4996 A LAIMANA AVENUE,http://qpublic9.qpublic.net/hi_hawaii_display.php?county=hi_hawaii&KEY=140110210000
14-5007 LAIMANA AVENUE ,http://qpublic9.qpublic.net/hi_hawaii_display.php?county=hi_hawaii&KEY=140110350000
14-4995 LAIMANA AVENUE,http://qpublic9.qpublic.net/hi_hawaii_display.php?county=hi_hawaii&KEY=140110760000
14-4990 LAIMANA AVENUE,http://qpublic9.qpublic.net/hi_hawaii_display.php?county=hi_hawaii&KEY=140110250000
14-4984 LAIMANA AVENUE,http://qpublic9.qpublic.net/hi_hawaii_display.php?county=hi_hawaii&KEY=140100080000
14-4981 LAIMANA AVENUE,http://qpublic9.qpublic.net/hi_hawaii_display.php?county=hi_hawaii&KEY=140100330000
14-4977 LAIMANA AVENUE,http://qpublic9.qpublic.net/hi_hawaii_display.php?county=hi_hawaii&KEY=140100340000
14-4973 LAIMANA AVENUE,http://qpublic9.qpublic.net/hi_hawaii_display.php?county=hi_hawaii&KEY=140100360000
14-4963 LAIMANA AVENUE,http://qpublic9.qpublic.net/hi_hawaii_display.php?county=hi_hawaii&KEY=140100390000
14-4968 LAIMANA AVENUE ,http://qpublic9.qpublic.net/hi_hawaii_display.php?county=hi_hawaii&KEY=140100170000
14-4966 LAIMANA AVENUE,http://qpublic9.qpublic.net/hi_hawaii_display.php?county=hi_hawaii&KEY=140100160000
14-4962 LAIMANA AVENUE ,http://qpublic9.qpublic.net/hi_hawaii_display.php?county=hi_hawaii&KEY=140100150000
14-4957 LAIMANA AVENUE ,http://qpublic9.qpublic.net/hi_hawaii_display.php?county=hi_hawaii&KEY=140100410000
14-4953 LAIMANA AVENUE ,http://qpublic9.qpublic.net/hi_hawaii_display.php?county=hi_hawaii&KEY=140100420000
14-4952 LAIMANA AVENUE ,http://qpublic9.qpublic.net/hi_hawaii_display.php?county=hi_hawaii&KEY=140100300000
14-4949 LAIMANA AVENUE ,http://qpublic9.qpublic.net/hi_hawaii_display.php?county=hi_hawaii&KEY=140100440000
14-4948 LAIMANA AVENUE ,http://qpublic9.qpublic.net/hi_hawaii_display.php?county=hi_hawaii&KEY=140100290000
14-4934 LAIMANA AVENUE,http://qpublic9.qpublic.net/hi_hawaii_display.php?county=hi_hawaii&KEY=140020360000
14-4711 KONANI ROAD,http://qpublic9.qpublic.net/hi_hawaii_display.php?county=hi_hawaii&KEY=140110520000
14-4709 KONANI ROAD ,http://qpublic9.qpublic.net/hi_hawaii_display.php?county=hi_hawaii&KEY=140110530000
14-4707 KONANI ROAD,http://qpublic9.qpublic.net/hi_hawaii_display.php?county=hi_hawaii&KEY=140110540000
14-4703 KONANI ROAD,http://qpublic9.qpublic.net/hi_hawaii_display.php?county=hi_hawaii&KEY=140110550000
14-4708 KONANI ROAD ,http://qpublic9.qpublic.net/hi_hawaii_display.php?county=hi_hawaii&KEY=140110450000
14-4703 LUANA PLACE,http://qpublic9.qpublic.net/hi_hawaii_display.php?county=hi_hawaii&KEY=140110420000
14-4710 LUANA PLACE ,http://qpublic9.qpublic.net/hi_hawaii_display.php?county=hi_hawaii&KEY=140110340000
14-4706 LUANA PLACE ,http://qpublic9.qpublic.net/hi_hawaii_display.php?county=hi_hawaii&KEY=140110330000
14-4702 LUANA PLACE,http://qpublic9.qpublic.net/hi_hawaii_display.php?county=hi_hawaii&KEY=140110320000
14-4724 LIKEKE LANE,http://qpublic9.qpublic.net/hi_hawaii_display.php?county=hi_hawaii&KEY=140110230000
14-4722 LIKEKE LANE ,http://qpublic9.qpublic.net/hi_hawaii_display.php?county=hi_hawaii&KEY=140100010000
14-4718 LIKEKE LANE,http://qpublic9.qpublic.net/hi_hawaii_display.php?county=hi_hawaii&KEY=140100090000
14-4717 LIKEKE LANE ,http://qpublic9.qpublic.net/hi_hawaii_display.php?county=hi_hawaii&KEY=140110240000
14-4707 EWA LANE ,http://qpublic9.qpublic.net/hi_hawaii_display.php?county=hi_hawaii&KEY=140100050000
14-4711 EWA LANE,http://qpublic9.qpublic.net/hi_hawaii_display.php?county=hi_hawaii&KEY=140100030000
14-4712 EWA LANE,http://qpublic9.qpublic.net/hi_hawaii_display.php?county=hi_hawaii&KEY=140100110000
14-4710 EWA LANE,http://qpublic9.qpublic.net/hi_hawaii_display.php?county=hi_hawaii&KEY=140100220000
14-4708 EWA LANE ,http://qpublic9.qpublic.net/hi_hawaii_display.php?county=hi_hawaii&KEY=140100210000
14-4704 EWA LANE ,http://qpublic9.qpublic.net/hi_hawaii_display.php?county=hi_hawaii&KEY=140100200000
14-4722 ALAPAKI LANE,http://qpublic9.qpublic.net/hi_hawaii_display.php?county=hi_hawaii&KEY=140100230000
14-4721 ALAPAKI LANE,http://qpublic9.qpublic.net/hi_hawaii_display.php?county=hi_hawaii&KEY=140100100000
14-4718 ALAPAKI LANE,http://qpublic9.qpublic.net/hi_hawaii_display.php?county=hi_hawaii&KEY=140100240000
14-4714 ALAPAKI LANE ,http://qpublic9.qpublic.net/hi_hawaii_display.php?county=hi_hawaii&KEY=140100250000
14-4712 ALAPAKI LANE,http://qpublic9.qpublic.net/hi_hawaii_display.php?county=hi_hawaii&KEY=140100260000
14-4707 ALAPAKI LANE,http://qpublic9.qpublic.net/hi_hawaii_display.php?county=hi_hawaii&KEY=140100130000
14-4710 ALAPAKI LANE,http://qpublic9.qpublic.net/hi_hawaii_display.php?county=hi_hawaii&KEY=140100270000
14-4708 ALAPAKI LANE ,http://qpublic9.qpublic.net/hi_hawaii_display.php?county=hi_hawaii&KEY=140100280000
14-4706 ALAPAKI LANE,http://qpublic9.qpublic.net/hi_hawaii_display.php?county=hi_hawaii&KEY=140100310000
14-4767 MOANI ROAD,http://qpublic9.qpublic.net/hi_hawaii_display.php?county=hi_hawaii&KEY=140720320000
14-4793 MOANI ROAD,http://qpublic9.qpublic.net/hi_hawaii_display.php?county=hi_hawaii&KEY=140720190000
14-4810 MOANI ROAD,http://qpublic9.qpublic.net/hi_hawaii_display.php?county=hi_hawaii&KEY=140720140000
14-4878 MOANI ROAD,http://qpublic9.qpublic.net/hi_hawaii_display.php?county=hi_hawaii&KEY=140710020000
14-4777 KUMULOULU ROAD,http://qpublic9.qpublic.net/hi_hawaii_display.php?county=hi_hawaii&KEY=140730260000
14-4791 KUMULOULU ROAD,http://qpublic9.qpublic.net/hi_hawaii_display.php?county=hi_hawaii&KEY=140730250000
14-4834 KUMULOULU ROAD,http://qpublic9.qpublic.net/hi_hawaii_display.php?county=hi_hawaii&KEY=140730300000
14-4833 KUMULOULU ROAD,http://qpublic9.qpublic.net/hi_hawaii_display.php?county=hi_hawaii&KEY=140730230000
14-4857 KUMULOULU ROAD,http://qpublic9.qpublic.net/hi_hawaii_display.php?county=hi_hawaii&KEY=140730240000
14-4888 KUMULOULU ROAD,http://qpublic9.qpublic.net/hi_hawaii_display.php?county=hi_hawaii&KEY=140720180000
14-4945 KUMULOULU ROAD,http://qpublic9.qpublic.net/hi_hawaii_display.php?county=hi_hawaii&KEY=140720130000
14-4989 KUMULOULU ROAD,http://qpublic9.qpublic.net/hi_hawaii_display.php?county=hi_hawaii&KEY=140720100000
14-5004 KUMULOULU ROAD,http://qpublic9.qpublic.net/hi_hawaii_display.php?county=hi_hawaii&KEY=140720250000
14-5014 KUMULOULU ROAD,http://qpublic9.qpublic.net/hi_hawaii_display.php?county=hi_hawaii&KEY=140720380000
14-4745 ILILANI ROAD,http://qpublic9.qpublic.net/hi_hawaii_display.php?county=hi_hawaii&KEY=140730010000
14-4755 ILILANI ROAD,http://qpublic9.qpublic.net/hi_hawaii_display.php?county=hi_hawaii&KEY=140730020000
14-4767 ILILANI ROAD,http://qpublic9.qpublic.net/hi_hawaii_display.php?county=hi_hawaii&KEY=140730030000
14-4779 ILILANI ROAD,http://qpublic9.qpublic.net/hi_hawaii_display.php?county=hi_hawaii&KEY=140730040000
14-4801 ILILANI ROAD,http://qpublic9.qpublic.net/hi_hawaii_display.php?county=hi_hawaii&KEY=140730060000
14-4829 ILILANI ROAD,http://qpublic9.qpublic.net/hi_hawaii_display.php?county=hi_hawaii&KEY=140730080000
14-4841 ILILANI ROAD ,http://qpublic9.qpublic.net/hi_hawaii_display.php?county=hi_hawaii&KEY=140730090000
14-4845 ILILANI ROAD ,http://qpublic9.qpublic.net/hi_hawaii_display.php?county=hi_hawaii&KEY=140730100000
14-4897 ILILANI ROAD ,http://qpublic9.qpublic.net/hi_hawaii_display.php?county=hi_hawaii&KEY=140710140000
14-4923 ILILANI ROAD,http://qpublic9.qpublic.net/hi_hawaii_display.php?county=hi_hawaii&KEY=140710130000
14-4937 ILILANI ROAD,http://qpublic9.qpublic.net/hi_hawaii_display.php?county=hi_hawaii&KEY=140710120000
14-4981 ILILANI ROAD ,http://qpublic9.qpublic.net/hi_hawaii_display.php?county=hi_hawaii&KEY=140710100000
14-4987 ILILANI ROAD,http://qpublic9.qpublic.net/hi_hawaii_display.php?county=hi_hawaii&KEY=140710090000
14-4990 ILILANI ROAD ,http://qpublic9.qpublic.net/hi_hawaii_display.php?county=hi_hawaii&KEY=140720070000
14-4940 ILILANI ROAD ,http://qpublic9.qpublic.net/hi_hawaii_display.php?county=hi_hawaii&KEY=140720040000
14-4922 ILILANI ROAD ,http://qpublic9.qpublic.net/hi_hawaii_display.php?county=hi_hawaii&KEY=140720030000
14-4910 ILILANI ROAD ,http://qpublic9.qpublic.net/hi_hawaii_display.php?county=hi_hawaii&KEY=140720020000
14-4824 ILILANI ROAD,http://qpublic9.qpublic.net/hi_hawaii_display.php?county=hi_hawaii&KEY=140730150000
14-4784 ILILANI ROAD ,http://qpublic9.qpublic.net/hi_hawaii_display.php?county=hi_hawaii&KEY=140730170000
14-4746 ILILANI ROAD,http://qpublic9.qpublic.net/hi_hawaii_display.php?county=hi_hawaii&KEY=140730180000
14-4841 HALEPUEO ROAD ,http://qpublic9.qpublic.net/hi_hawaii_display.php?county=hi_hawaii&KEY=140730160000
14-4828 HALEPUEO ROAD ,http://qpublic9.qpublic.net/hi_hawaii_display.php?county=hi_hawaii&KEY=140730200000
14-4789 LA MALOO ROAD ,http://qpublic9.qpublic.net/hi_hawaii_display.php?county=hi_hawaii&KEY=140730280000
14-4825 LA MALOO ROAD ,http://qpublic9.qpublic.net/hi_hawaii_display.php?county=hi_hawaii&KEY=140730210000
14-4814 LA MALOO ROAD ,http://qpublic9.qpublic.net/hi_hawaii_display.php?county=hi_hawaii&KEY=140730220000
14-4772 PUA O KAPOHO ROAD ,http://qpublic9.qpublic.net/hi_hawaii_display.php?county=hi_hawaii&KEY=140720280000
14-4820 PUA O KAPOHO ROAD,http://qpublic9.qpublic.net/hi_hawaii_display.php?county=hi_hawaii&KEY=140720110000
14-4855 PUA O KAPOHO ROAD ,http://qpublic9.qpublic.net/hi_hawaii_display.php?county=hi_hawaii&KEY=140710110000
14-4875 PUA O KAPOHO ROAD ,http://qpublic9.qpublic.net/hi_hawaii_display.php?county=hi_hawaii&KEY=140710040000
14-4994 KIKIAO ROAD ,http://qpublic9.qpublic.net/hi_hawaii_display.php?county=hi_hawaii&KEY=140710060000
14-4987 KIKIAO ROAD,http://qpublic9.qpublic.net/hi_hawaii_display.php?county=hi_hawaii&KEY=140710180000
14-4995 KIKIAO ROAD ,http://qpublic9.qpublic.net/hi_hawaii_display.php?county=hi_hawaii&KEY=140710190000
14-5003 KIKIAO ROAD ,http://qpublic9.qpublic.net/hi_hawaii_display.php?county=hi_hawaii&KEY=140710200000
14-5114 ALAPAI POINT ROAD ,http://qpublic9.qpublic.net/hi_hawaii_display.php?county=hi_hawaii&KEY=140270260000
14-5109 A ALAPAI POINT ROAD ,http://qpublic9.qpublic.net/hi_hawaii_display.php?county=hi_hawaii&KEY=140270290000
14-5113 ALAPAI POINT ROAD,http://qpublic9.qpublic.net/hi_hawaii_display.php?county=hi_hawaii&KEY=140270110000
14-5117 ALAPAI POINT ROAD,http://qpublic9.qpublic.net/hi_hawaii_display.php?county=hi_hawaii&KEY=140270130000
14-5121 ALAPAI POINT ROAD,http://qpublic9.qpublic.net/hi_hawaii_display.php?county=hi_hawaii&KEY=140270140000
14-5123 ALAPAI POINT ROAD,http://qpublic9.qpublic.net/hi_hawaii_display.php?county=hi_hawaii&KEY=140270150000
14-5131 ALAPAI POINT ROAD ,http://qpublic9.qpublic.net/hi_hawaii_display.php?county=hi_hawaii&KEY=140270160000
14-5135 ALAPAI POINT ROAD,http://qpublic9.qpublic.net/hi_hawaii_display.php?county=hi_hawaii&KEY=140270170000
14-5137 ALAPAI POINT ROAD,http://qpublic9.qpublic.net/hi_hawaii_display.php?county=hi_hawaii&KEY=140270180000
14-5141 ALAPAI POINT ROAD,http://qpublic9.qpublic.net/hi_hawaii_display.php?county=hi_hawaii&KEY=140270190000
14-5143 ALAPAI POINT ROAD,http://qpublic9.qpublic.net/hi_hawaii_display.php?county=hi_hawaii&KEY=140270200000
14-5147 ALAPAI POINT ROAD,http://qpublic9.qpublic.net/hi_hawaii_display.php?county=hi_hawaii&KEY=140270210000
14-4903 ALAPAI POINT PLACE,http://qpublic9.qpublic.net/hi_hawaii_display.php?county=hi_hawaii&KEY=140270330000
14-4907 ALAPAI POINT PLACE,http://qpublic9.qpublic.net/hi_hawaii_display.php?county=hi_hawaii&KEY=140270220000
14-4909 ALAPAI POINT PLACE,http://qpublic9.qpublic.net/hi_hawaii_display.php?county=hi_hawaii&KEY=140270340000
14-4910 ALAPAI POINT PLACE,http://qpublic9.qpublic.net/hi_hawaii_display.php?county=hi_hawaii&KEY=140270300000
14-4908 ALAPAI POINT PLACE,http://qpublic9.qpublic.net/hi_hawaii_display.php?county=hi_hawaii&KEY=140270310000
14-5155 ALAPAI POINT ROAD,http://qpublic9.qpublic.net/hi_hawaii_display.php?county=hi_hawaii&KEY=140270350000
14-5157 ALAPAI POINT ROAD,http://qpublic9.qpublic.net/hi_hawaii_display.php?county=hi_hawaii&KEY=140270240000
14-5146 ALAPAI POINT ROAD ,http://qpublic9.qpublic.net/hi_hawaii_display.php?county=hi_hawaii&KEY=140270040000
14-5140 ALAPAI POINT ROAD,http://qpublic9.qpublic.net/hi_hawaii_display.php?county=hi_hawaii&KEY=140270050000
14-5138 ALAPAI POINT ROAD,http://qpublic9.qpublic.net/hi_hawaii_display.php?county=hi_hawaii&KEY=140270060000
14-5134 ALAPAI POINT ROAD,http://qpublic9.qpublic.net/hi_hawaii_display.php?county=hi_hawaii&KEY=140270070000
14-5130 ALAPAI POINT ROAD,http://qpublic9.qpublic.net/hi_hawaii_display.php?county=hi_hawaii&KEY=140270080000
14-5128 ALAPAI POINT ROAD,http://qpublic9.qpublic.net/hi_hawaii_display.php?county=hi_hawaii&KEY=140270360000
14-5126 ALAPAI POINT ROAD,http://qpublic9.qpublic.net/hi_hawaii_display.php?county=hi_hawaii&KEY=140270370000
14-5124 ALAPAI POINT ROAD,http://qpublic9.qpublic.net/hi_hawaii_display.php?county=hi_hawaii&KEY=140270380000
14-5077 WAINANI ROAD ,http://qpublic9.qpublic.net/hi_hawaii_display.php?county=hi_hawaii&KEY=140270090000
14-5113 WAINANI ROAD,http://qpublic9.qpublic.net/hi_hawaii_display.php?county=hi_hawaii&KEY=140270030000
14-5114 WAINANI ROAD,http://qpublic9.qpublic.net/hi_hawaii_display.php?county=hi_hawaii&KEY=140270010000
14-4994 KIKIAO ROAD,http://qpublic9.qpublic.net/hi_hawaii_display.php?county=hi_hawaii&KEY=140710060000
14-4987 KIKIAO ROAD,http://qpublic9.qpublic.net/hi_hawaii_display.php?county=hi_hawaii&KEY=140710180000
14-4995 KIKIAO ROAD,http://qpublic9.qpublic.net/hi_hawaii_display.php?county=hi_hawaii&KEY=140710190000
14-5003 KIKIAO ROAD,http://qpublic9.qpublic.net/hi_hawaii_display.php?county=hi_hawaii&KEY=140710200000
,
VACATIONLAND,
14-5050 WAIOPAE ROAD,http://qpublic9.qpublic.net/hi_hawaii_display.php?county=hi_hawaii&KEY=140670010000
14-5048 WAIOPAE ROAD,http://qpublic9.qpublic.net/hi_hawaii_display.php?county=hi_hawaii&KEY=140670020000
14-5046 WAIOPAE ROAD,http://qpublic9.qpublic.net/hi_hawaii_display.php?county=hi_hawaii&KEY=140670030000
14-5039 WAIOPAE ROAD,http://qpublic9.qpublic.net/hi_hawaii_display.php?county=hi_hawaii&KEY=140670220000
14-5038 WAIOPAE ROAD,http://qpublic9.qpublic.net/hi_hawaii_display.php?county=hi_hawaii&KEY=140670050000
14-5035 WAIOPAE ROAD,http://qpublic9.qpublic.net/hi_hawaii_display.php?county=hi_hawaii&KEY=140670210000
14-5036 WAIOPAE ROAD,http://qpublic9.qpublic.net/hi_hawaii_display.php?county=hi_hawaii&KEY=140670060000
14-5031 WAIOPAE ROAD,http://qpublic9.qpublic.net/hi_hawaii_display.php?county=hi_hawaii&KEY=140670200000
14-5034 WAIOPAE ROAD,http://qpublic9.qpublic.net/hi_hawaii_display.php?county=hi_hawaii&KEY=140670070000
14-5030 WAI OPAE ROAD,http://qpublic9.qpublic.net/hi_hawaii_display.php?county=hi_hawaii&KEY=140670080000
14-5028 WAIOPAE ROAD,http://qpublic9.qpublic.net/hi_hawaii_display.php?county=hi_hawaii&KEY=140670090000
14-5025 WAI OPAE ROAD,http://qpublic9.qpublic.net/hi_hawaii_display.php?county=hi_hawaii&KEY=140670170000
14-5026 WAIOPAE ROAD,http://qpublic9.qpublic.net/hi_hawaii_display.php?county=hi_hawaii&KEY=140670100000
14-5023 WAIOPAE ROAD,http://qpublic9.qpublic.net/hi_hawaii_display.php?county=hi_hawaii&KEY=140670160000
14-5022 WAIOPAE ROAD,http://qpublic9.qpublic.net/hi_hawaii_display.php?county=hi_hawaii&KEY=140670110000
14-5020 WAIOPAE ROAD,http://qpublic9.qpublic.net/hi_hawaii_display.php?county=hi_hawaii&KEY=140670120000
14-5017 WAIOPAE ROAD,http://qpublic9.qpublic.net/hi_hawaii_display.php?county=hi_hawaii&KEY=140670140000
14-5010 WAIOPAE ROAD,http://qpublic9.qpublic.net/hi_hawaii_display.php?county=hi_hawaii&KEY=140680020000
14-5006 WAI OPAE ROAD,http://qpublic9.qpublic.net/hi_hawaii_display.php?county=hi_hawaii&KEY=140680040000
14-5004 WAIOPAE ROAD,http://qpublic9.qpublic.net/hi_hawaii_display.php?county=hi_hawaii&KEY=140680050000
14-4997 WAIOPAE ROAD,http://qpublic9.qpublic.net/hi_hawaii_display.php?county=hi_hawaii&KEY=140680460000
14-4993 WAIOPAE ROAD,http://qpublic9.qpublic.net/hi_hawaii_display.php?county=hi_hawaii&KEY=140680440000
14-4986 WAIOPAE ROAD,http://qpublic9.qpublic.net/hi_hawaii_display.php?county=hi_hawaii&KEY=140680110000
14-4983 WAIOPAE ROAD,http://qpublic9.qpublic.net/hi_hawaii_display.php?county=hi_hawaii&KEY=140680410000
14-4984 WAIOPAE ROAD,http://qpublic9.qpublic.net/hi_hawaii_display.php?county=hi_hawaii&KEY=140680120000
14-4979 WAIOPAE ROAD,http://qpublic9.qpublic.net/hi_hawaii_display.php?county=hi_hawaii&KEY=140680390000
14-4977 WAIOPAE ROAD,http://qpublic9.qpublic.net/hi_hawaii_display.php?county=hi_hawaii&KEY=140680380000
14-4973 WAIOPAE ROAD,http://qpublic9.qpublic.net/hi_hawaii_display.php?county=hi_hawaii&KEY=140680370000
14-4969 WAIOPAE ROAD,http://qpublic9.qpublic.net/hi_hawaii_display.php?county=hi_hawaii&KEY=140680360000
14-4965 WAIOPAE ROAD,http://qpublic9.qpublic.net/hi_hawaii_display.php?county=hi_hawaii&KEY=140680350000
14-4961 WAIOPAE ROAD,http://qpublic9.qpublic.net/hi_hawaii_display.php?county=hi_hawaii&KEY=140680340000
14-4964 WAIOPAE ROAD,http://qpublic9.qpublic.net/hi_hawaii_display.php?county=hi_hawaii&KEY=140680210000
14-4962 WAIOPAE ROAD,http://qpublic9.qpublic.net/hi_hawaii_display.php?county=hi_hawaii&KEY=140680220000
14-4960 WAIOPAE ROAD,http://qpublic9.qpublic.net/hi_hawaii_display.php?county=hi_hawaii&KEY=140680230000
14-4958 WAIOPAE ROAD,http://qpublic9.qpublic.net/hi_hawaii_display.php?county=hi_hawaii&KEY=140680240000
14-4955 WAIOPAE ROAD,http://qpublic9.qpublic.net/hi_hawaii_display.php?county=hi_hawaii&KEY=140680320000
14-4954 WAIOPAE ROAD,http://qpublic9.qpublic.net/hi_hawaii_display.php?county=hi_hawaii&KEY=140680250000
14-4951 WAIOPAE ROAD,http://qpublic9.qpublic.net/hi_hawaii_display.php?county=hi_hawaii&KEY=140680310000
14-4952 WAIOPAE ROAD,http://qpublic9.qpublic.net/hi_hawaii_display.php?county=hi_hawaii&KEY=140680260000
14-4950 WAIOPAE ROAD,http://qpublic9.qpublic.net/hi_hawaii_display.php?county=hi_hawaii&KEY=140680270000
14-4938 WAIOPAE ROAD,http://qpublic9.qpublic.net/hi_hawaii_display.php?county=hi_hawaii&KEY=140690440000
14-4936 WAIOPAE ROAD,http://qpublic9.qpublic.net/hi_hawaii_display.php?county=hi_hawaii&KEY=140690430000
14-4934 WAIOPAE ROAD,http://qpublic9.qpublic.net/hi_hawaii_display.php?county=hi_hawaii&KEY=140690420000
14-4932 WAIOPAE ROAD,http://qpublic9.qpublic.net/hi_hawaii_display.php?county=hi_hawaii&KEY=140690410000
14-4931 WAIOPAE ROAD,http://qpublic9.qpublic.net/hi_hawaii_display.php?county=hi_hawaii&KEY=140690200000
14-4930 WAIOPAE ROAD,http://qpublic9.qpublic.net/hi_hawaii_display.php?county=hi_hawaii&KEY=140690400000
14-4923 WAIOPAE ROAD,http://qpublic9.qpublic.net/hi_hawaii_display.php?county=hi_hawaii&KEY=140690220000
14-4922 WAIOPAE ROAD,http://qpublic9.qpublic.net/hi_hawaii_display.php?county=hi_hawaii&KEY=140690370000
14-4916 WAIOPAE ROAD,http://qpublic9.qpublic.net/hi_hawaii_display.php?county=hi_hawaii&KEY=140690360000
14-4917 WAIOPAE ROAD,http://qpublic9.qpublic.net/hi_hawaii_display.php?county=hi_hawaii&KEY=140690240000
14-4916 WAIOPAE ROAD,http://qpublic9.qpublic.net/hi_hawaii_display.php?county=hi_hawaii&KEY=140690360000
14-4915 WAIOPAE ROAD,http://qpublic9.qpublic.net/hi_hawaii_display.php?county=hi_hawaii&KEY=140690250000
14-4914 WAIOPAE ROAD,http://qpublic9.qpublic.net/hi_hawaii_display.php?county=hi_hawaii&KEY=140690350000
14-4913 WAIOPAE ROAD,http://qpublic9.qpublic.net/hi_hawaii_display.php?county=hi_hawaii&KEY=140690260000
14-4909 WAIOPAE ROAD,http://qpublic9.qpublic.net/hi_hawaii_display.php?county=hi_hawaii&KEY=140690280000
14-4908 WAIOPAE ROAD,http://qpublic9.qpublic.net/hi_hawaii_display.php?county=hi_hawaii&KEY=140690340000
14-4907 WAIOPAE ROAD,http://qpublic9.qpublic.net/hi_hawaii_display.php?county=hi_hawaii&KEY=140690290000
14-4904 WAIOPAE ROAD,http://qpublic9.qpublic.net/hi_hawaii_display.php?county=hi_hawaii&KEY=140690330000
14-4901 WAIOPAE ROAD,http://qpublic9.qpublic.net/hi_hawaii_display.php?county=hi_hawaii&KEY=140690320000
14-4927 KAHONUA ROAD,http://qpublic9.qpublic.net/hi_hawaii_display.php?county=hi_hawaii&KEY=140670260000
14-4925 KAHONUA ROAD,http://qpublic9.qpublic.net/hi_hawaii_display.php?county=hi_hawaii&KEY=140670270000
14-4921 KAHONUA ROAD,http://qpublic9.qpublic.net/hi_hawaii_display.php?county=hi_hawaii&KEY=140670280000
14-4917 KAHONUA ROAD,http://qpublic9.qpublic.net/hi_hawaii_display.php?county=hi_hawaii&KEY=140700020000
14-4913 KAHONUA ROAD,http://qpublic9.qpublic.net/hi_hawaii_display.php?county=hi_hawaii&KEY=140700030000
14-4911 KAHONUA ROAD,http://qpublic9.qpublic.net/hi_hawaii_display.php?county=hi_hawaii&KEY=140700040000
14-4909 KAHONUA ROAD,http://qpublic9.qpublic.net/hi_hawaii_display.php?county=hi_hawaii&KEY=140700050000
14-4899 KAHONUA ROAD,http://qpublic9.qpublic.net/hi_hawaii_display.php?county=hi_hawaii&KEY=140700530000
14-4916 KAHONUA ROAD,http://qpublic9.qpublic.net/hi_hawaii_display.php?county=hi_hawaii&KEY=140700110000
14-4914 KAHONUA ROAD,http://qpublic9.qpublic.net/hi_hawaii_display.php?county=hi_hawaii&KEY=140700100000
14-4910 KAHONUA ROAD,http://qpublic9.qpublic.net/hi_hawaii_display.php?county=hi_hawaii&KEY=140700090000
14-5001 HOOLAI ROAD,http://qpublic9.qpublic.net/hi_hawaii_display.php?county=hi_hawaii&KEY=140700060000
14-5013 HOOLAI ROAD,http://qpublic9.qpublic.net/hi_hawaii_display.php?county=hi_hawaii&KEY=140700080000
14-5023 HOOLAI ROAD,http://qpublic9.qpublic.net/hi_hawaii_display.php?county=hi_hawaii&KEY=140700190000
14-5033 HOOLAI ROAD,http://qpublic9.qpublic.net/hi_hawaii_display.php?county=hi_hawaii&KEY=140700390000
14-5037 HOOLAI ROAD,http://qpublic9.qpublic.net/hi_hawaii_display.php?county=hi_hawaii&KEY=140700380000
14-5039 HOOLAI ROAD,http://qpublic9.qpublic.net/hi_hawaii_display.php?county=hi_hawaii&KEY=140700370000
14-5040 HOOLAI ROAD,http://qpublic9.qpublic.net/hi_hawaii_display.php?county=hi_hawaii&KEY=140700410000
14-5036 HOOLAI ROAD,http://qpublic9.qpublic.net/hi_hawaii_display.php?county=hi_hawaii&KEY=140700420000
14-5034 HOOLAI ROAD,http://qpublic9.qpublic.net/hi_hawaii_display.php?county=hi_hawaii&KEY=140700430000
14-5030 HOOLAI ROAD,http://qpublic9.qpublic.net/hi_hawaii_display.php?county=hi_hawaii&KEY=140700440000
14-5020 HOOLAI ROAD,http://qpublic9.qpublic.net/hi_hawaii_display.php?county=hi_hawaii&KEY=140700460000
14-5012 HOOLAI ROAD,http://qpublic9.qpublic.net/hi_hawaii_display.php?county=hi_hawaii&KEY=140700500000
14-5005 WALEA ROAD ,http://qpublic9.qpublic.net/hi_hawaii_display.php?county=hi_hawaii&KEY=140670300000
14-5009 WALEA ROAD,http://qpublic9.qpublic.net/hi_hawaii_display.php?county=hi_hawaii&KEY=140670320000
14-5015 WALEA ROAD ,http://qpublic9.qpublic.net/hi_hawaii_display.php?county=hi_hawaii&KEY=140670340000
14-5021 WALEA ROAD,http://qpublic9.qpublic.net/hi_hawaii_display.php?county=hi_hawaii&KEY=140670360000
14-5023 WALEA ROAD,http://qpublic9.qpublic.net/hi_hawaii_display.php?county=hi_hawaii&KEY=140670370000
14-5025 WALEA ROAD,http://qpublic9.qpublic.net/hi_hawaii_display.php?county=hi_hawaii&KEY=140670380000
14-5018 WALEA ROAD,http://qpublic9.qpublic.net/hi_hawaii_display.php?county=hi_hawaii&KEY=140700240000
14-5008 WALEA ROAD,http://qpublic9.qpublic.net/hi_hawaii_display.php?county=hi_hawaii&KEY=140700130000
14-4911 MALIO ROAD,http://qpublic9.qpublic.net/hi_hawaii_display.php?county=hi_hawaii&KEY=140700140000
14-4909 MALIO ROAD,http://qpublic9.qpublic.net/hi_hawaii_display.php?county=hi_hawaii&KEY=140700150000
14-4907 MALIO ROAD,http://qpublic9.qpublic.net/hi_hawaii_display.php?county=hi_hawaii&KEY=140700160000
14-4904 MALIO ROAD,http://qpublic9.qpublic.net/hi_hawaii_display.php?county=hi_hawaii&KEY=140700180000
14-4908 MALIO ROAD,http://qpublic9.qpublic.net/hi_hawaii_display.php?county=hi_hawaii&KEY=140700200000
14-4913 LAUAE ROAD,http://qpublic9.qpublic.net/hi_hawaii_display.php?county=hi_hawaii&KEY=140700250000
14-4911 LAUAE ROAD,http://qpublic9.qpublic.net/hi_hawaii_display.php?county=hi_hawaii&KEY=140700260000
14-4907 LAUAE ROAD,http://qpublic9.qpublic.net/hi_hawaii_display.php?county=hi_hawaii&KEY=140700270000
14-4905 LAUAE ROAD,http://qpublic9.qpublic.net/hi_hawaii_display.php?county=hi_hawaii&KEY=140700280000
14-4902 LAUAE ROAD,http://qpublic9.qpublic.net/hi_hawaii_display.php?county=hi_hawaii&KEY=140700400000
14-4910 LAUAE ROAD,http://qpublic9.qpublic.net/hi_hawaii_display.php?county=hi_hawaii&KEY=140700300000
14-4918 KAHEKA ROAD ,http://qpublic9.qpublic.net/hi_hawaii_display.php?county=hi_hawaii&KEY=140680520000
14-4916 KAHEKA ROAD,http://qpublic9.qpublic.net/hi_hawaii_display.php?county=hi_hawaii&KEY=140680530000
14-4914 KAHEKA ROAD,http://qpublic9.qpublic.net/hi_hawaii_display.php?county=hi_hawaii&KEY=140680540000
14-4902 KAHEKA ROAD,http://qpublic9.qpublic.net/hi_hawaii_display.php?county=hi_hawaii&KEY=140680570000
14-4905 KAHEKA ROAD,http://qpublic9.qpublic.net/hi_hawaii_display.php?county=hi_hawaii&KEY=140700350000
14-4907 KAHEKA ROAD,http://qpublic9.qpublic.net/hi_hawaii_display.php?county=hi_hawaii&KEY=140700340000
14-4909 KAHEKA ROAD,http://qpublic9.qpublic.net/hi_hawaii_display.php?county=hi_hawaii&KEY=140700330000
14-4911 KAHEKA ROAD,http://qpublic9.qpublic.net/hi_hawaii_display.php?county=hi_hawaii&KEY=140700320000
14-4917 KAHEKA ROAD,http://qpublic9.qpublic.net/hi_hawaii_display.php?county=hi_hawaii&KEY=140670390000
14-4965 KAPOHO KAI DRIVE,http://qpublic9.qpublic.net/hi_hawaii_display.php?county=hi_hawaii&KEY=140680290000
14-4961 KAPOHO KAI DRIVE,http://qpublic9.qpublic.net/hi_hawaii_display.php?county=hi_hawaii&KEY=140680800000
14-4953 KAPOHO KAI DRIVE,http://qpublic9.qpublic.net/hi_hawaii_display.php?county=hi_hawaii&KEY=140680720000
14-4939 KAPOHO KAI DRIVE ,http://qpublic9.qpublic.net/hi_hawaii_display.php?county=hi_hawaii&KEY=140680650000
14-4950 KAPOHO KAI DRIVE ,http://qpublic9.qpublic.net/hi_hawaii_display.php?county=hi_hawaii&KEY=140690130000
14-4946 KAPOHO KAI DRIVE ,http://qpublic9.qpublic.net/hi_hawaii_display.php?county=hi_hawaii&KEY=140690120000
14-4942 KAPOHO KAI DRIVE,http://qpublic9.qpublic.net/hi_hawaii_display.php?county=hi_hawaii&KEY=140690110000
14-4936 KAPOHO KAI DRIVE,http://qpublic9.qpublic.net/hi_hawaii_display.php?county=hi_hawaii&KEY=140690090000
14-4926 KAPOHO KAI DRIVE,http://qpublic9.qpublic.net/hi_hawaii_display.php?county=hi_hawaii&KEY=140690060000
14-4933 KAPOHO KAI DRIVE,http://qpublic9.qpublic.net/hi_hawaii_display.php?county=hi_hawaii&KEY=140680580000
14-4926 KAPOHO KAI DRIVE,http://qpublic9.qpublic.net/hi_hawaii_display.php?county=hi_hawaii&KEY=140690060000
14-4922 KAPOHO KAI DRIVE,http://qpublic9.qpublic.net/hi_hawaii_display.php?county=hi_hawaii&KEY=140690050000
14-4903 KAHI LOLI PLACE ,http://qpublic9.qpublic.net/hi_hawaii_display.php?county=hi_hawaii&KEY=140680730000
14-4909 KAHI LOLI PLACE ,http://qpublic9.qpublic.net/hi_hawaii_display.php?county=hi_hawaii&KEY=140680760000
14-4908 KAHI LOLI PLACE,http://qpublic9.qpublic.net/hi_hawaii_display.php?county=hi_hawaii&KEY=140680780000
14-4904 KAHI KOA PLACE,http://qpublic9.qpublic.net/hi_hawaii_display.php?county=hi_hawaii&KEY=140680710000
14-4904 KAHI INA PLACE,http://qpublic9.qpublic.net/hi_hawaii_display.php?county=hi_hawaii&KEY=140680640000
14-4908 KAHI INA PLACE,http://qpublic9.qpublic.net/hi_hawaii_display.php?county=hi_hawaii&KEY=140680620000
14-4909 KAHI INA PLACE,http://qpublic9.qpublic.net/hi_hawaii_display.php?county=hi_hawaii&KEY=140680610000
14-4907 KAHI INA PLACE,http://qpublic9.qpublic.net/hi_hawaii_display.php?county=hi_hawaii&KEY=140680600000
